transaction_type,transaction_hash,transaction_from_amount,transaction_to_amount,transaction_pair_address,transaction_pair_network,transaction_pair_dex,transaction_url
swap,0x7d9fcaf0e9ce03feec423f1f321863f46cc0498d4bcf4d1923919af945e8bbdf,1.0,990747407.961707,0x11950d141ecb863f01007add7d1a342041227b58,eth,uniswap_v3,https://app.geckoterminal.com/api/p1/eth/pools/0x11950d141ecb863f01007add7d1a342041227b58/swaps?include=from_token%2Cto_token&page=1
swap,0x836ebc9e196b86b6698cc635b46dd855fdf5e5136f78586ebb4ed08040a93b13,4.44355696383578,4404194995.73344,0x11950d141ecb863f01007add7d1a342041227b58,eth,uniswap_v3,https://app.geckoterminal.com/api/p1/eth/pools/0x11950d141ecb863f01007add7d1a342041227b58/swaps?include=from_token%2Cto_token&page=1
swap,0x89ad65e3f715ab83f87dcab4a3706b74b89238b4e9fac31eae0ced4c852e0191,145509388.693739,0.145884478809777,0x11950d141ecb863f01007add7d1a342041227b58,eth,uniswap_v3,https://app.geckoterminal.com/api/p1/eth/pools/0x11950d141ecb863f01007add7d1a342041227b58/swaps?include=from_token%2Cto_token&page=1
swap,0x395f4368427fa452a800cfdce39cfae22a9d0a0c5d8f66142cf16fd61ec5655b,9925500328.279,9.95845774905318,0x11950d141ecb863f01007add7d1a342041227b58,eth,uniswap_v3,https://app.geckoterminal.com/api/p1/eth/pools/0x11950d141ecb863f01007add7d1a342041227b58/swaps?include=from_token%2Cto_token&page=1
swap,0x6871658d5e7fd032a1ce3040d420bf921192de723d7f4140732a47fbbe8a3aa1,846516800.20825,0.85,0x11950d141ecb863f01007add7d1a342041227b58,eth,uniswap_v3,https://app.geckoterminal.com/api/p1/eth/pools/0x11950d141ecb863f01007add7d1a342041227b58/swaps?include=from_token%2Cto_token&page=1
swap,0xa875d6cc23be2d2c41b569e226a63ac0bd7840a527dc172857d57b353a57702a,0.0235022746452572,23264333.1459945,0x11950d141ecb863f01007add7d1a342041227b58,eth,uniswap_v3,https://app.geckoterminal.com/api/p1/eth/pools/0x11950d141ecb863f01007add7d1a342041227b58/swaps?include=from_token%2Cto_token&page=1
swap,0xc1070ec328062c028dde7441efc1811cb672f600b36d6973496791fc9e65274d,2833480713.94397,2.84589929624018,0x11950d141ecb863f01007add7d1a342041227b58,eth,uniswap_v3,https://app.geckoterminal.com/api/p1/eth/pools/0x11950d141ecb863f01007add7d1a342041227b58/swaps?include=from_token%2Cto_token&page=1
swap,0x13d5affaa962f64c3cbd75b364adef991c95479476eea6e8c4f05a2186c6816a,10676583155.7827,10.7340294341213,0x11950d141ecb863f01007add7d1a342041227b58,eth,uniswap_v3,https://app.geckoterminal.com/api/p1/eth/pools/0x11950d141ecb863f01007add7d1a342041227b58/swaps?include=from_token%2Cto_token&page=1
swap,0xe5bb0dc65386a0bed7e0b385edd13ed1ea85f559e6ca1d3f1a4cbdde35e2678c,49693215.6971069,0.05,0x11950d141ecb863f01007add7d1a342041227b58,eth,uniswap_v3,https://app.geckoterminal.com/api/p1/eth/pools/0x11950d141ecb863f01007add7d1a342041227b58/swaps?include=from_token%2Cto_token&page=1
swap,0xa570ec492c8cf0d2f494a6a5ecd2ce773754f142a6dc5d310c92352f10265a92,0.0993591306952053,98158237.9854998,0x11950d141ecb863f01007add7d1a342041227b58,eth,uniswap_v3,https://app.geckoterminal.com/api/p1/eth/pools/0x11950d141ecb863f01007add7d1a342041227b58/swaps?include=from_token%2Cto_token&page=1
swap,0x8ab23fe635bddbb43ef1bf988a5f127c8ec746500f25f0e62fefb04bdb68ea62,0.839134980537608,829049563.155149,0x11950d141ecb863f01007add7d1a342041227b58,eth,uniswap_v3,https://app.geckoterminal.com/api/p1/eth/pools/0x11950d141ecb863f01007add7d1a342041227b58/swaps?include=from_token%2Cto_token&page=1
swap,0xf593906eefde5e59187773cc621b67ae2f0fe558267b9529197435710fb5ab8c,1032829612.34071,1.03914644608999,0x11950d141ecb863f01007add7d1a342041227b58,eth,uniswap_v3,https://app.geckoterminal.com/api/p1/eth/pools/0x11950d141ecb863f01007add7d1a342041227b58/swaps?include=from_token%2Cto_token&page=1
swap,0x9c25f2947b7950a1af63b431971042754f82371000912309bb6e1d0d986291af,0.013,12842601.9613467,0x11950d141ecb863f01007add7d1a342041227b58,eth,uniswap_v3,https://app.geckoterminal.com/api/p1/eth/pools/0x11950d141ecb863f01007add7d1a342041227b58/swaps?include=from_token%2Cto_token&page=1
swap,0xd474bd83285e7c1f88038f37922e25f011ab66c4b0c28cadaa53f13b90c7057b,91161435.5754981,0.0917263900879328,0x11950d141ecb863f01007add7d1a342041227b58,eth,uniswap_v3,https://app.geckoterminal.com/api/p1/eth/pools/0x11950d141ecb863f01007add7d1a342041227b58/swaps?include=from_token%2Cto_token&page=1
swap,0x01075f703b5150430484fe220ecab827a1d175a3cf5dc7384fdb31ae490f14c1,200000000.0,0.201243768096471,0x11950d141ecb863f01007add7d1a342041227b58,eth,uniswap_v3,https://app.geckoterminal.com/api/p1/eth/pools/0x11950d141ecb863f01007add7d1a342041227b58/swaps?include=from_token%2Cto_token&page=1
swap,0x29a5349f65a5e43172bd2aa3412a8ba2d4f03f9941d534e68dab36df43789f18,1451869871.2406,1.46107629311232,0x11950d141ecb863f01007add7d1a342041227b58,eth,uniswap_v3,https://app.geckoterminal.com/api/p1/eth/pools/0x11950d141ecb863f01007add7d1a342041227b58/swaps?include=from_token%2Cto_token&page=1
swap,0x1563f7615136152affbfd3bfb314ec4c6944eae00655a12c3aeb9f89a88ba917,1088888888.0,1.09599838928128,0x11950d141ecb863f01007add7d1a342041227b58,eth,uniswap_v3,https://app.geckoterminal.com/api/p1/eth/pools/0x11950d141ecb863f01007add7d1a342041227b58/swaps?include=from_token%2Cto_token&page=1
swap,0xee13b9e798f039bc71ac59683e108205b156e0e506ca1479d4cd0f268a3a3c0c,1034259233.72421,1.0411746221952,0x11950d141ecb863f01007add7d1a342041227b58,eth,uniswap_v3,https://app.geckoterminal.com/api/p1/eth/pools/0x11950d141ecb863f01007add7d1a342041227b58/swaps?include=from_token%2Cto_token&page=1
swap,0x19255f8193338c825b5cf83728bf0426333fe0af780ae3e924ab78971b9ccec1,0.0553851749139418,54683763.4363089,0x11950d141ecb863f01007add7d1a342041227b58,eth,uniswap_v3,https://app.geckoterminal.com/api/p1/eth/pools/0x11950d141ecb863f01007add7d1a342041227b58/swaps?include=from_token%2Cto_token&page=1
swap,0x79357b190acfb767c5968675dcccd571cf37c168855b62fb9500d844aad58192,21741010572.4831,21.9229037767648,0x11950d141ecb863f01007add7d1a342041227b58,eth,uniswap_v3,https://app.geckoterminal.com/api/p1/eth/pools/0x11950d141ecb863f01007add7d1a342041227b58/swaps?include=from_token%2Cto_token&page=1
swap,0x343230f342ca050bded7258cff0d9d53b5f662e0f9d6741efd3bdc781871195a,3319139250.75406,0.159384784355864,0xdce93ed9ae7c53143e19cf799d156b72d1cc2777,eth,uniswap_v3,https://app.geckoterminal.com/api/p1/eth/pools/0xdce93ed9ae7c53143e19cf799d156b72d1cc2777/swaps?include=from_token%2Cto_token&page=1
swap,0x3587681a2ffeb7071eae61f3597a5fa7a4b9668172fa78d8d76f099da3d22cfd,0.4,8282250256.29304,0xdce93ed9ae7c53143e19cf799d156b72d1cc2777,eth,uniswap_v3,https://app.geckoterminal.com/api/p1/eth/pools/0xdce93ed9ae7c53143e19cf799d156b72d1cc2777/swaps?include=from_token%2Cto_token&page=1
swap,0xb29fdaf2b6f821ef79ea4276dbdc38ac75745690f33c61c930af6d75f343e82e,0.0443867416802601,919523041.867556,0xdce93ed9ae7c53143e19cf799d156b72d1cc2777,eth,uniswap_v3,https://app.geckoterminal.com/api/p1/eth/pools/0xdce93ed9ae7c53143e19cf799d156b72d1cc2777/swaps?include=from_token%2Cto_token&page=1
swap,0x85a40c2c7d0f55d5036026de03db8dfa76d56f2b091812a852c7ae021b5b0440,5833906551.31534,0.28,0xdce93ed9ae7c53143e19cf799d156b72d1cc2777,eth,uniswap_v3,https://app.geckoterminal.com/api/p1/eth/pools/0xdce93ed9ae7c53143e19cf799d156b72d1cc2777/swaps?include=from_token%2Cto_token&page=1
swap,0x430be77c7873ca46b3d33e5225c205a84707dea752af37f2411342e18369b3ca,6631271265.73932,0.318488572144524,0xdce93ed9ae7c53143e19cf799d156b72d1cc2777,eth,uniswap_v3,https://app.geckoterminal.com/api/p1/eth/pools/0xdce93ed9ae7c53143e19cf799d156b72d1cc2777/swaps?include=from_token%2Cto_token&page=1
swap,0xc2c19b91fcc0c7d7036be5f15eeb6ff6d9d3394b9e8f215a827fef2c574dd82a,12000000000.0,0.57693206637563,0xdce93ed9ae7c53143e19cf799d156b72d1cc2777,eth,uniswap_v3,https://app.geckoterminal.com/api/p1/eth/pools/0xdce93ed9ae7c53143e19cf799d156b72d1cc2777/swaps?include=from_token%2Cto_token&page=1
swap,0xa69e2056542e6713f981cfa10cbab574ac9e7d6ea0595f6714dbb403f93faff6,0.4985,10305574300.9778,0xdce93ed9ae7c53143e19cf799d156b72d1cc2777,eth,uniswap_v3,https://app.geckoterminal.com/api/p1/eth/pools/0xdce93ed9ae7c53143e19cf799d156b72d1cc2777/swaps?include=from_token%2Cto_token&page=1
swap,0xd32270487d93d7017e5f5c7c3c7c1dbf7f3085fda5f2d236e9e10eb6e0d4a5df,3761369871.41975,0.180788890343957,0xdce93ed9ae7c53143e19cf799d156b72d1cc2777,eth,uniswap_v3,https://app.geckoterminal.com/api/p1/eth/pools/0xdce93ed9ae7c53143e19cf799d156b72d1cc2777/swaps?include=from_token%2Cto_token&page=1
swap,0x0834cfee25e62c8e8f42fb64240889854e22b8bb6e07c84c456ff562e2ed6939,12418095645.9896,0.59740448760354,0xdce93ed9ae7c53143e19cf799d156b72d1cc2777,eth,uniswap_v3,https://app.geckoterminal.com/api/p1/eth/pools/0xdce93ed9ae7c53143e19cf799d156b72d1cc2777/swaps?include=from_token%2Cto_token&page=1
swap,0xbbcfe625d7ffd7d540be15743961060e93bcbbe492a16be8edf9c51c8066af90,0.495625,10239495822.1859,0xdce93ed9ae7c53143e19cf799d156b72d1cc2777,eth,uniswap_v3,https://app.geckoterminal.com/api/p1/eth/pools/0xdce93ed9ae7c53143e19cf799d156b72d1cc2777/swaps?include=from_token%2Cto_token&page=1
swap,0x9369e809fe3129279a6ca9f679ce767ede948d8b7e6d2cd1f6a72531aceb95dc,0.99125,20513868689.7257,0xdce93ed9ae7c53143e19cf799d156b72d1cc2777,eth,uniswap_v3,https://app.geckoterminal.com/api/p1/eth/pools/0xdce93ed9ae7c53143e19cf799d156b72d1cc2777/swaps?include=from_token%2Cto_token&page=1
swap,0xe1b41d0fd447273b080ccd7d6783cc738539e7d8af996cf32bd69e07006c85bc,214583904.602763,0.0102952149342978,0xdce93ed9ae7c53143e19cf799d156b72d1cc2777,eth,uniswap_v3,https://app.geckoterminal.com/api/p1/eth/pools/0xdce93ed9ae7c53143e19cf799d156b72d1cc2777/swaps?include=from_token%2Cto_token&page=1
swap,0x1eedcc35e22c30f461f6f8b3ccbff0e9b50823b4d48f57a73018b872f509d129,7605285795.71215,0.36504049254341,0xdce93ed9ae7c53143e19cf799d156b72d1cc2777,eth,uniswap_v3,https://app.geckoterminal.com/api/p1/eth/pools/0xdce93ed9ae7c53143e19cf799d156b72d1cc2777/swaps?include=from_token%2Cto_token&page=1
swap,0x3ac2660483d342be6faf38564f9d27f9e8c950985ddc361db1e181f94df463aa,0.05,1035088749.36166,0xdce93ed9ae7c53143e19cf799d156b72d1cc2777,eth,uniswap_v3,https://app.geckoterminal.com/api/p1/eth/pools/0xdce93ed9ae7c53143e19cf799d156b72d1cc2777/swaps?include=from_token%2Cto_token&page=1
swap,0xd10febc66067826c7083027e20d6bf3fdf682125dd97a2ba70d056e5914c18d6,134822458271.6,6.52169813432995,0xdce93ed9ae7c53143e19cf799d156b72d1cc2777,eth,uniswap_v3,https://app.geckoterminal.com/api/p1/eth/pools/0xdce93ed9ae7c53143e19cf799d156b72d1cc2777/swaps?include=from_token%2Cto_token&page=1
swap,0x22abd4ba6641f3c0cb5c07bd81763eb86bc25e0ed056422d26f229da511804c9,4.0,81957746370.3066,0xdce93ed9ae7c53143e19cf799d156b72d1cc2777,eth,uniswap_v3,https://app.geckoterminal.com/api/p1/eth/pools/0xdce93ed9ae7c53143e19cf799d156b72d1cc2777/swaps?include=from_token%2Cto_token&page=1
swap,0xd771256b3496cef2b4cadd8179080c1f3a86724fad5bc8bdc30eab619a9d7866,6.5015651371539,134822458271.6,0xdce93ed9ae7c53143e19cf799d156b72d1cc2777,eth,uniswap_v3,https://app.geckoterminal.com/api/p1/eth/pools/0xdce93ed9ae7c53143e19cf799d156b72d1cc2777/swaps?include=from_token%2Cto_token&page=1
swap,0x5b7d459503c86301e5b4e938c512071daeced13ba394f38dd3235180e72875e2,0.00861565505804644,180000000.0,0xdce93ed9ae7c53143e19cf799d156b72d1cc2777,eth,uniswap_v3,https://app.geckoterminal.com/api/p1/eth/pools/0xdce93ed9ae7c53143e19cf799d156b72d1cc2777/swaps?include=from_token%2Cto_token&page=1
swap,0x0220d038e6edb8759e532abbdb449c40ca2c50597336348f2d03d9501672721d,3.5,73418991378.3945,0xdce93ed9ae7c53143e19cf799d156b72d1cc2777,eth,uniswap_v3,https://app.geckoterminal.com/api/p1/eth/pools/0xdce93ed9ae7c53143e19cf799d156b72d1cc2777/swaps?include=from_token%2Cto_token&page=1
swap,0xe08c4e8abc8d1e3433816fd86e6adbd20128811f069d793ba8d1c5357d74568e,0.05,1053142927.39347,0xdce93ed9ae7c53143e19cf799d156b72d1cc2777,eth,uniswap_v3,https://app.geckoterminal.com/api/p1/eth/pools/0xdce93ed9ae7c53143e19cf799d156b72d1cc2777/swaps?include=from_token%2Cto_token&page=1
swap,0x5994bd76161e8a2bfc999c2aa8789ba97a8847287fe6995a2d4c4df12d5a4847,1.616786731,2912.676906,0x88e6a0c2ddd26feeb64f039a2c41296fcb3f5640,eth,uniswap_v3,https://app.geckoterminal.com/api/p1/eth/pools/0x88e6a0c2ddd26feeb64f039a2c41296fcb3f5640/swaps?include=from_token%2Cto_token&page=1
swap,0xb5b9235c4d158c1d839fe6431807952c243d56521c867800191ccecc8b1b8d91,430.0,0.238448044249221,0x88e6a0c2ddd26feeb64f039a2c41296fcb3f5640,eth,uniswap_v3,https://app.geckoterminal.com/api/p1/eth/pools/0x88e6a0c2ddd26feeb64f039a2c41296fcb3f5640/swaps?include=from_token%2Cto_token&page=1
swap,0x981315d33a856b80d58a187443230a47ad2e8a35874aa2558b837bb2f12a3fac,172730.117954,95.7950319199396,0x88e6a0c2ddd26feeb64f039a2c41296fcb3f5640,eth,uniswap_v3,https://app.geckoterminal.com/api/p1/eth/pools/0x88e6a0c2ddd26feeb64f039a2c41296fcb3f5640/swaps?include=from_token%2Cto_token&page=1
swap,0xe3c134c6457f63a2257502b5951c9f91bef2d269d4f6a14fdc9e43aa852210e7,9990.0,5.54105871139009,0x88e6a0c2ddd26feeb64f039a2c41296fcb3f5640,eth,uniswap_v3,https://app.geckoterminal.com/api/p1/eth/pools/0x88e6a0c2ddd26feeb64f039a2c41296fcb3f5640/swaps?include=from_token%2Cto_token&page=1
swap,0x996c3ca16cf575bd1277a652a464584daa1bf0062dddd2d9c5cc8d3b8d1079fe,108239.015561,60.0405927793655,0x88e6a0c2ddd26feeb64f039a2c41296fcb3f5640,eth,uniswap_v3,https://app.geckoterminal.com/api/p1/eth/pools/0x88e6a0c2ddd26feeb64f039a2c41296fcb3f5640/swaps?include=from_token%2Cto_token&page=1
swap,0x4fb4d1f516cbb8c67738b6693580465d92f96243b71f26ea8e6fdaf30ee9527a,899.939954,0.499236052778971,0x88e6a0c2ddd26feeb64f039a2c41296fcb3f5640,eth,uniswap_v3,https://app.geckoterminal.com/api/p1/eth/pools/0x88e6a0c2ddd26feeb64f039a2c41296fcb3f5640/swaps?include=from_token%2Cto_token&page=1
swap,0xd918a3d01e82ada9cc7e5e14fe325c0fa615a917f99b10df6c1c602c08b3a569,0.131446851780039,236.713588,0x88e6a0c2ddd26feeb64f039a2c41296fcb3f5640,eth,uniswap_v3,https://app.geckoterminal.com/api/p1/eth/pools/0x88e6a0c2ddd26feeb64f039a2c41296fcb3f5640/swaps?include=from_token%2Cto_token&page=1
swap,0xa9f2a26d8badd207325709a1278b622b1d204a35ab417045f1ec2ac586d3426f,12953.077199,7.18570187345418,0x88e6a0c2ddd26feeb64f039a2c41296fcb3f5640,eth,uniswap_v3,https://app.geckoterminal.com/api/p1/eth/pools/0x88e6a0c2ddd26feeb64f039a2c41296fcb3f5640/swaps?include=from_token%2Cto_token&page=1
swap,0xc1070ec328062c028dde7441efc1811cb672f600b36d6973496791fc9e65274d,2.84589929624018,5124.914707,0x88e6a0c2ddd26feeb64f039a2c41296fcb3f5640,eth,uniswap_v3,https://app.geckoterminal.com/api/p1/eth/pools/0x88e6a0c2ddd26feeb64f039a2c41296fcb3f5640/swaps?include=from_token%2Cto_token&page=1
swap,0x8d935df82582b080e5886f0a5da53779f777108ccc4ecb01440d884ba7f17af8,5001.313488,2.77448591568259,0x88e6a0c2ddd26feeb64f039a2c41296fcb3f5640,eth,uniswap_v3,https://app.geckoterminal.com/api/p1/eth/pools/0x88e6a0c2ddd26feeb64f039a2c41296fcb3f5640/swaps?include=from_token%2Cto_token&page=1
swap,0x4867dc21d0b0729578bee4f742639c86ad9d3e4d1899afc6518982005175cff7,7607.289217,4.2201898389832,0x88e6a0c2ddd26feeb64f039a2c41296fcb3f5640,eth,uniswap_v3,https://app.geckoterminal.com/api/p1/eth/pools/0x88e6a0c2ddd26feeb64f039a2c41296fcb3f5640/swaps?include=from_token%2Cto_token&page=1
swap,0x2c3e6505cb1306ef6107470cbde74831d9bfc1bd78b00bca1ca0fb290121a6a8,1616.811493,0.896941441667615,0x88e6a0c2ddd26feeb64f039a2c41296fcb3f5640,eth,uniswap_v3,https://app.geckoterminal.com/api/p1/eth/pools/0x88e6a0c2ddd26feeb64f039a2c41296fcb3f5640/swaps?include=from_token%2Cto_token&page=1
swap,0x95b9e4d423b3df388b253d32070b60affa1eae771c2777b9d3ba4a6c077fe36b,5001.313618,2.77453806685652,0x88e6a0c2ddd26feeb64f039a2c41296fcb3f5640,eth,uniswap_v3,https://app.geckoterminal.com/api/p1/eth/pools/0x88e6a0c2ddd26feeb64f039a2c41296fcb3f5640/swaps?include=from_token%2Cto_token&page=1
swap,0x813f7b2afb1ce97d82fb1ffdb75011dbeac9f744ec99a57b26c39fdbebe06849,688.841412,0.382144380416237,0x88e6a0c2ddd26feeb64f039a2c41296fcb3f5640,eth,uniswap_v3,https://app.geckoterminal.com/api/p1/eth/pools/0x88e6a0c2ddd26feeb64f039a2c41296fcb3f5640/swaps?include=from_token%2Cto_token&page=1
swap,0x753e882c9a812c5bc4e1499637b47f25af35f0c606d2dd3a547df5ac60e84b59,3783.326099,2.09885911172473,0x88e6a0c2ddd26feeb64f039a2c41296fcb3f5640,eth,uniswap_v3,https://app.geckoterminal.com/api/p1/eth/pools/0x88e6a0c2ddd26feeb64f039a2c41296fcb3f5640/swaps?include=from_token%2Cto_token&page=1
swap,0x946d0857966d642ceb42d29f374c4ff7b6c973456d4b9a2fc0d9e3a80f277829,316.991022,0.175856184856109,0x88e6a0c2ddd26feeb64f039a2c41296fcb3f5640,eth,uniswap_v3,https://app.geckoterminal.com/api/p1/eth/pools/0x88e6a0c2ddd26feeb64f039a2c41296fcb3f5640/swaps?include=from_token%2Cto_token&page=1
swap,0x52bd3c742d1aaafd24ef24740ecfa419443960488ca8be1a0e59146bd8c9c1af,34.965,62966.043242,0x88e6a0c2ddd26feeb64f039a2c41296fcb3f5640,eth,uniswap_v3,https://app.geckoterminal.com/api/p1/eth/pools/0x88e6a0c2ddd26feeb64f039a2c41296fcb3f5640/swaps?include=from_token%2Cto_token&page=1
swap,0xda63e69ab975a5dc342d6deed7e34a96f68179b529319d8a0ae74c5d749a1de3,140069.992859,77.7,0x88e6a0c2ddd26feeb64f039a2c41296fcb3f5640,eth,uniswap_v3,https://app.geckoterminal.com/api/p1/eth/pools/0x88e6a0c2ddd26feeb64f039a2c41296fcb3f5640/swaps?include=from_token%2Cto_token&page=1
swap,0x81af56496f3536c32b7460698c88bb84a5187ed364ff5d423d100a0775a16196,298.781007,0.165741101286359,0x88e6a0c2ddd26feeb64f039a2c41296fcb3f5640,eth,uniswap_v3,https://app.geckoterminal.com/api/p1/eth/pools/0x88e6a0c2ddd26feeb64f039a2c41296fcb3f5640/swaps?include=from_token%2Cto_token&page=1
swap,0x7aa2ec3e3ca6210b42d3824e94c2e7a9477205999a68268d657651824e995663,0.3,540.268549,0x88e6a0c2ddd26feeb64f039a2c41296fcb3f5640,eth,uniswap_v3,https://app.geckoterminal.com/api/p1/eth/pools/0x88e6a0c2ddd26feeb64f039a2c41296fcb3f5640/swaps?include=from_token%2Cto_token&page=1
swap,0xb2ba0ef3b9b870531320cf88ae880fe7bbbf3ab187fa151cb9c16f6472484a4e,277114.160612874,0.256455470128474,0x35e462cd5adde02da41f7f49e156b91b62f9373f,eth,uniswap_v3,https://app.geckoterminal.com/api/p1/eth/pools/0x35e462cd5adde02da41f7f49e156b91b62f9373f/swaps?include=from_token%2Cto_token&page=1
swap,0xbff943f97d466c43a316692cd906ceda4be5c8fdbf480bcbb6b27cfe456da019,0.099125,104488.651762533,0x35e462cd5adde02da41f7f49e156b91b62f9373f,eth,uniswap_v3,https://app.geckoterminal.com/api/p1/eth/pools/0x35e462cd5adde02da41f7f49e156b91b62f9373f/swaps?include=from_token%2Cto_token&page=1
swap,0xdc2543c76017976b7672abdf596d3500aeb18abf2fe690e0df68c78a414825bd,29851.4902728127,0.0276981392085122,0x35e462cd5adde02da41f7f49e156b91b62f9373f,eth,uniswap_v3,https://app.geckoterminal.com/api/p1/eth/pools/0x35e462cd5adde02da41f7f49e156b91b62f9373f/swaps?include=from_token%2Cto_token&page=1
swap,0xa94d399ec062318a5553f74bfd316cff87a6069b361bba2a7dc3b4b119174f01,702113.574443336,0.664761725340019,0x35e462cd5adde02da41f7f49e156b91b62f9373f,eth,uniswap_v3,https://app.geckoterminal.com/api/p1/eth/pools/0x35e462cd5adde02da41f7f49e156b91b62f9373f/swaps?include=from_token%2Cto_token&page=1
swap,0x02975d39f9163252f4c50cb313addab1004c8058358b5765f406fad26292acf0,0.220517946238252,225311.38619242,0x35e462cd5adde02da41f7f49e156b91b62f9373f,eth,uniswap_v3,https://app.geckoterminal.com/api/p1/eth/pools/0x35e462cd5adde02da41f7f49e156b91b62f9373f/swaps?include=from_token%2Cto_token&page=1
swap,0xe09568f2bf434a410641757f0843ac60b9456fcc5840f5899a1e260c84a061cc,1092693.9665791,1.07407258405168,0x35e462cd5adde02da41f7f49e156b91b62f9373f,eth,uniswap_v3,https://app.geckoterminal.com/api/p1/eth/pools/0x35e462cd5adde02da41f7f49e156b91b62f9373f/swaps?include=from_token%2Cto_token&page=1
swap,0x0ebe57762caf4d906a337629409448bb768edd5220247e1185aa68aeecb18728,1.0,994661.5333194,0x35e462cd5adde02da41f7f49e156b91b62f9373f,eth,uniswap_v3,https://app.geckoterminal.com/api/p1/eth/pools/0x35e462cd5adde02da41f7f49e156b91b62f9373f/swaps?include=from_token%2Cto_token&page=1
swap,0x40c894ec3e809e58810b7feb739a441e46a54dbe18b8b6233ca6556d53a46866,0.5,519056.750490706,0x35e462cd5adde02da41f7f49e156b91b62f9373f,eth,uniswap_v3,https://app.geckoterminal.com/api/p1/eth/pools/0x35e462cd5adde02da41f7f49e156b91b62f9373f/swaps?include=from_token%2Cto_token&page=1
swap,0xec542ee94d97d3f366b9699702619d6b56749330efd7b7b95fbd765b11dc6632,74468.9511490858,0.0694398164872036,0x35e462cd5adde02da41f7f49e156b91b62f9373f,eth,uniswap_v3,https://app.geckoterminal.com/api/p1/eth/pools/0x35e462cd5adde02da41f7f49e156b91b62f9373f/swaps?include=from_token%2Cto_token&page=1
swap,0x038f09a2ecba3de721321f8043066e88349630169478bf0e886c5c2b3864b934,0.315,333469.196215762,0x35e462cd5adde02da41f7f49e156b91b62f9373f,eth,uniswap_v3,https://app.geckoterminal.com/api/p1/eth/pools/0x35e462cd5adde02da41f7f49e156b91b62f9373f/swaps?include=from_token%2Cto_token&page=1
swap,0xb9870a74c2e2f06a8ffa93e1885e813b1a44482da510a4871488e7bdf86d15a7,1050000.0,0.991504540093233,0x35e462cd5adde02da41f7f49e156b91b62f9373f,eth,uniswap_v3,https://app.geckoterminal.com/api/p1/eth/pools/0x35e462cd5adde02da41f7f49e156b91b62f9373f/swaps?include=from_token%2Cto_token&page=1
swap,0xebb3a9feb591d99b1e1ada0f4cee67696ad36e47ff761405665b10b8a6249b61,1050000.0,1.0515054477331,0x35e462cd5adde02da41f7f49e156b91b62f9373f,eth,uniswap_v3,https://app.geckoterminal.com/api/p1/eth/pools/0x35e462cd5adde02da41f7f49e156b91b62f9373f/swaps?include=from_token%2Cto_token&page=1
swap,0xef934595ea03a176e0c88a307c7feee9a2afba917958e368d6a4642216b59666,0.25,239227.935887908,0x35e462cd5adde02da41f7f49e156b91b62f9373f,eth,uniswap_v3,https://app.geckoterminal.com/api/p1/eth/pools/0x35e462cd5adde02da41f7f49e156b91b62f9373f/swaps?include=from_token%2Cto_token&page=1
swap,0x5bbd61cf6a259f48a6ecf514f7c51c0f80a526b1a18cd97ccad4c65ec0cc1c20,160406.717342176,0.163910003405742,0x35e462cd5adde02da41f7f49e156b91b62f9373f,eth,uniswap_v3,https://app.geckoterminal.com/api/p1/eth/pools/0x35e462cd5adde02da41f7f49e156b91b62f9373f/swaps?include=from_token%2Cto_token&page=1
swap,0x18fcc4afbea355e21bcd8d74572b43ef9bb582268f78f219a534933b15c4c291,0.21,201671.565295664,0x35e462cd5adde02da41f7f49e156b91b62f9373f,eth,uniswap_v3,https://app.geckoterminal.com/api/p1/eth/pools/0x35e462cd5adde02da41f7f49e156b91b62f9373f/swaps?include=from_token%2Cto_token&page=1
swap,0xfb331162f4e55171fbc07bf3ee0107874ec31d3d15418c687403fe0c5bf4055d,0.15,145503.570467081,0x35e462cd5adde02da41f7f49e156b91b62f9373f,eth,uniswap_v3,https://app.geckoterminal.com/api/p1/eth/pools/0x35e462cd5adde02da41f7f49e156b91b62f9373f/swaps?include=from_token%2Cto_token&page=1
swap,0xb6bded8bde34e7b86c4f8e7f4b076b6ac8cb192635d7a32b47f2e84ccf6585da,1100000.0,1.1425518507568,0x35e462cd5adde02da41f7f49e156b91b62f9373f,eth,uniswap_v3,https://app.geckoterminal.com/api/p1/eth/pools/0x35e462cd5adde02da41f7f49e156b91b62f9373f/swaps?include=from_token%2Cto_token&page=1
swap,0xc9d36e229e6de796cbc4e7aa292d70939ea8ac562c4954cac625b86729e54c9b,0.1,91653.9255412616,0x35e462cd5adde02da41f7f49e156b91b62f9373f,eth,uniswap_v3,https://app.geckoterminal.com/api/p1/eth/pools/0x35e462cd5adde02da41f7f49e156b91b62f9373f/swaps?include=from_token%2Cto_token&page=1
swap,0xff5633cddd154fb0d8044e2bb3916e1bac191d8974fc6811f6ce827145790e7b,0.03,27593.5009919454,0x35e462cd5adde02da41f7f49e156b91b62f9373f,eth,uniswap_v3,https://app.geckoterminal.com/api/p1/eth/pools/0x35e462cd5adde02da41f7f49e156b91b62f9373f/swaps?include=from_token%2Cto_token&page=1
swap,0xcda2ed349c9d49501647d0eeef1ace844321bf1be0d190d693326700ad23bdb4,675143.578016788,0.733327733844495,0x35e462cd5adde02da41f7f49e156b91b62f9373f,eth,uniswap_v3,https://app.geckoterminal.com/api/p1/eth/pools/0x35e462cd5adde02da41f7f49e156b91b62f9373f/swaps?include=from_token%2Cto_token&page=1
swap,0x2d03b7aa147d1d48dc1bfffeeb3cd5d0f8171ec1a94621116243f092108d8410,5000.0,2.77435436261459,0x11b815efb8f581194ae79006d24e0d814b7697f6,eth,uniswap_v3,https://app.geckoterminal.com/api/p1/eth/pools/0x11b815efb8f581194ae79006d24e0d814b7697f6/swaps?include=from_token%2Cto_token&page=1
swap,0xd3258a394f8a803abcbb143b254c12367a687f38b9f4d388f9ab6dc28be0e7c2,4220.0,2.34165095734909,0x11b815efb8f581194ae79006d24e0d814b7697f6,eth,uniswap_v3,https://app.geckoterminal.com/api/p1/eth/pools/0x11b815efb8f581194ae79006d24e0d814b7697f6/swaps?include=from_token%2Cto_token&page=1
swap,0xdc978fb079cdf4cbc599df5e62e8bd35e6331ad892157a777904a163d756550a,0.33,594.10449,0x11b815efb8f581194ae79006d24e0d814b7697f6,eth,uniswap_v3,https://app.geckoterminal.com/api/p1/eth/pools/0x11b815efb8f581194ae79006d24e0d814b7697f6/swaps?include=from_token%2Cto_token&page=1
swap,0xad5dc1592211a25ef63b8efaa59e3ddc7392a1a0fcaa3f298eadbc9115b14bea,4.0,7201.51598,0x11b815efb8f581194ae79006d24e0d814b7697f6,eth,uniswap_v3,https://app.geckoterminal.com/api/p1/eth/pools/0x11b815efb8f581194ae79006d24e0d814b7697f6/swaps?include=from_token%2Cto_token&page=1
swap,0xca7a1e4cd6089ba98b4fb608ac4773b81d31dc4db43250425cad102c29dd5fc0,2000.0,1.10974096116243,0x11b815efb8f581194ae79006d24e0d814b7697f6,eth,uniswap_v3,https://app.geckoterminal.com/api/p1/eth/pools/0x11b815efb8f581194ae79006d24e0d814b7697f6/swaps?include=from_token%2Cto_token&page=1
swap,0xf436e1bd9ccde9b1095b78edcf9cbee6b3159e81e799c37677907683b9306aa2,2000.0,1.10976067384493,0x11b815efb8f581194ae79006d24e0d814b7697f6,eth,uniswap_v3,https://app.geckoterminal.com/api/p1/eth/pools/0x11b815efb8f581194ae79006d24e0d814b7697f6/swaps?include=from_token%2Cto_token&page=1
swap,0xc35de630b0a3638ce9a79dd1e4c4dcab43fa8d45f8aa81d352038cb2975976f6,200.0,0.110977151602252,0x11b815efb8f581194ae79006d24e0d814b7697f6,eth,uniswap_v3,https://app.geckoterminal.com/api/p1/eth/pools/0x11b815efb8f581194ae79006d24e0d814b7697f6/swaps?include=from_token%2Cto_token&page=1
swap,0xe47312de1f86ba702e9fc5c8cb6ce9e44e3a6c37e98632b716047e84127d90f2,238.0,0.132063067280361,0x11b815efb8f581194ae79006d24e0d814b7697f6,eth,uniswap_v3,https://app.geckoterminal.com/api/p1/eth/pools/0x11b815efb8f581194ae79006d24e0d814b7697f6/swaps?include=from_token%2Cto_token&page=1
swap,0x0557120e641f1b85e4a8d31cbcac0878ddc63527dbca7e6cabe432d570331b9f,1.66026244732514,2989.119155,0x11b815efb8f581194ae79006d24e0d814b7697f6,eth,uniswap_v3,https://app.geckoterminal.com/api/p1/eth/pools/0x11b815efb8f581194ae79006d24e0d814b7697f6/swaps?include=from_token%2Cto_token&page=1
swap,0xcff054b3256dc540c483ea72777260bdf9dddd2ec037e4cfcd002ac1cb7987b1,2000.0,1.10975522703569,0x11b815efb8f581194ae79006d24e0d814b7697f6,eth,uniswap_v3,https://app.geckoterminal.com/api/p1/eth/pools/0x11b815efb8f581194ae79006d24e0d814b7697f6/swaps?include=from_token%2Cto_token&page=1
swap,0x4e31942f950ec562de076182f6c22c7a7017ea16fb47a3a796333c33627c9bf3,6775.174614,3.75953922463244,0x11b815efb8f581194ae79006d24e0d814b7697f6,eth,uniswap_v3,https://app.geckoterminal.com/api/p1/eth/pools/0x11b815efb8f581194ae79006d24e0d814b7697f6/swaps?include=from_token%2Cto_token&page=1
swap,0x66c041cbb3b6ac5aa581671d2613d73bb53a3e388bb636d4dc0f01bf0b3a47d0,100.0,0.0554916179542678,0x11b815efb8f581194ae79006d24e0d814b7697f6,eth,uniswap_v3,https://app.geckoterminal.com/api/p1/eth/pools/0x11b815efb8f581194ae79006d24e0d814b7697f6/swaps?include=from_token%2Cto_token&page=1
swap,0xf17a73d90ef1dbf5f24d24ad4514abe7f17dd8d9eb44bec42018de7bf46ecc9c,598.2,0.33195188787668,0x11b815efb8f581194ae79006d24e0d814b7697f6,eth,uniswap_v3,https://app.geckoterminal.com/api/p1/eth/pools/0x11b815efb8f581194ae79006d24e0d814b7697f6/swaps?include=from_token%2Cto_token&page=1
swap,0x13d5affaa962f64c3cbd75b364adef991c95479476eea6e8c4f05a2186c6816a,10.7340294341213,19325.724366,0x11b815efb8f581194ae79006d24e0d814b7697f6,eth,uniswap_v3,https://app.geckoterminal.com/api/p1/eth/pools/0x11b815efb8f581194ae79006d24e0d814b7697f6/swaps?include=from_token%2Cto_token&page=1
swap,0x4707c2af99a0beb78fdae559d9ec07211988a1f28be215a09dc22205cc606e5d,5000.0,2.77418203088114,0x11b815efb8f581194ae79006d24e0d814b7697f6,eth,uniswap_v3,https://app.geckoterminal.com/api/p1/eth/pools/0x11b815efb8f581194ae79006d24e0d814b7697f6/swaps?include=from_token%2Cto_token&page=1
swap,0x57a9f4d6cdf7f94d4afdcf5688ff32c75ac30d4d93ef37ac8edf5c7879750de8,5425.0,3.01012685160176,0x11b815efb8f581194ae79006d24e0d814b7697f6,eth,uniswap_v3,https://app.geckoterminal.com/api/p1/eth/pools/0x11b815efb8f581194ae79006d24e0d814b7697f6/swaps?include=from_token%2Cto_token&page=1
swap,0xf8569f4a960b168cc1b6f5f74dd36d9ed3ccf82f7fd9eba5bb75e7b588387d49,50.0,0.0277437791504045,0x11b815efb8f581194ae79006d24e0d814b7697f6,eth,uniswap_v3,https://app.geckoterminal.com/api/p1/eth/pools/0x11b815efb8f581194ae79006d24e0d814b7697f6/swaps?include=from_token%2Cto_token&page=1
swap,0x9bc6b70f4ed6781969378a91d7fcb79505348a97779e67ad524ed8456c365e6c,4.77446242076425,8596.287906,0x11b815efb8f581194ae79006d24e0d814b7697f6,eth,uniswap_v3,https://app.geckoterminal.com/api/p1/eth/pools/0x11b815efb8f581194ae79006d24e0d814b7697f6/swaps?include=from_token%2Cto_token&page=1
swap,0xd6cc67e4cc076697b9670d11578f1c3be2df6d46e096be7cfe01f0b73e312fff,8.71,15683.806508,0x11b815efb8f581194ae79006d24e0d814b7697f6,eth,uniswap_v3,https://app.geckoterminal.com/api/p1/eth/pools/0x11b815efb8f581194ae79006d24e0d814b7697f6/swaps?include=from_token%2Cto_token&page=1
swap,0xf593906eefde5e59187773cc621b67ae2f0fe558267b9529197435710fb5ab8c,1.03914644608999,1871.302288,0x11b815efb8f581194ae79006d24e0d814b7697f6,eth,uniswap_v3,https://app.geckoterminal.com/api/p1/eth/pools/0x11b815efb8f581194ae79006d24e0d814b7697f6/swaps?include=from_token%2Cto_token&page=1
swap,0x9a1c9170bdafa683aab47a600932370fc28787178cd5d39367184a2b4699c429,5031684699.50246,0.324374476966842,0xecf678bf1850ac206f42c9e959f72a0ab0e86f77,eth,uniswap_v3,https://app.geckoterminal.com/api/p1/eth/pools/0xecf678bf1850ac206f42c9e959f72a0ab0e86f77/swaps?include=from_token%2Cto_token&page=1
swap,0xba12a0d99ac4542d65b083e8a06424f4d5fdf07b36a066f336015c3e4df3d1f6,0.08,1232221678.63077,0xecf678bf1850ac206f42c9e959f72a0ab0e86f77,eth,uniswap_v3,https://app.geckoterminal.com/api/p1/eth/pools/0xecf678bf1850ac206f42c9e959f72a0ab0e86f77/swaps?include=from_token%2Cto_token&page=1
swap,0x9d4ab39a52dd14e9d55e82d7cd754119e157e1266e9295912938234a7c4870bc,0.08,1233069326.34895,0xecf678bf1850ac206f42c9e959f72a0ab0e86f77,eth,uniswap_v3,https://app.geckoterminal.com/api/p1/eth/pools/0xecf678bf1850ac206f42c9e959f72a0ab0e86f77/swaps?include=from_token%2Cto_token&page=1
swap,0xb6f734c0dc6ef5dd6fe9b8c92a2ea28a645e5599cece4bca7bcce9ea577fe254,0.15,2314292709.39823,0xecf678bf1850ac206f42c9e959f72a0ab0e86f77,eth,uniswap_v3,https://app.geckoterminal.com/api/p1/eth/pools/0xecf678bf1850ac206f42c9e959f72a0ab0e86f77/swaps?include=from_token%2Cto_token&page=1
swap,0xe47312de1f86ba702e9fc5c8cb6ce9e44e3a6c37e98632b716047e84127d90f2,0.132063067280361,2040024559.70949,0xecf678bf1850ac206f42c9e959f72a0ab0e86f77,eth,uniswap_v3,https://app.geckoterminal.com/api/p1/eth/pools/0xecf678bf1850ac206f42c9e959f72a0ab0e86f77/swaps?include=from_token%2Cto_token&page=1
swap,0xb7d6f31eb41aa1df1cb015cde7b05180e456eda5d4beb537afc4e07926b2634c,0.277499507438374,4294198702.13309,0xecf678bf1850ac206f42c9e959f72a0ab0e86f77,eth,uniswap_v3,https://app.geckoterminal.com/api/p1/eth/pools/0xecf678bf1850ac206f42c9e959f72a0ab0e86f77/swaps?include=from_token%2Cto_token&page=1
swap,0xba40e5ce7fa29471ad4ab751e7098b9c9ad59f654b3c365df322fd2abddf7b3b,1000000000.0,0.0641758712620955,0xecf678bf1850ac206f42c9e959f72a0ab0e86f77,eth,uniswap_v3,https://app.geckoterminal.com/api/p1/eth/pools/0xecf678bf1850ac206f42c9e959f72a0ab0e86f77/swaps?include=from_token%2Cto_token&page=1
swap,0x134d0d40520cb09f502bfb11c8cc045cf8bf31c94f509e1b87a773276cac3d06,1090120348.86117,0.07,0xecf678bf1850ac206f42c9e959f72a0ab0e86f77,eth,uniswap_v3,https://app.geckoterminal.com/api/p1/eth/pools/0xecf678bf1850ac206f42c9e959f72a0ab0e86f77/swaps?include=from_token%2Cto_token&page=1
swap,0xdec53925ac842cec017d52c22359544426bb42b9bdce6ab8f1bada24a37e640a,901034475.000087,0.0578901881956585,0xecf678bf1850ac206f42c9e959f72a0ab0e86f77,eth,uniswap_v3,https://app.geckoterminal.com/api/p1/eth/pools/0xecf678bf1850ac206f42c9e959f72a0ab0e86f77/swaps?include=from_token%2Cto_token&page=1
swap,0x8188e61a3b4f7992e3cd3b97c62078edad3c8ed57c05361e8a423b0e8e3bf11a,965043620.629343,0.0620348088208128,0xecf678bf1850ac206f42c9e959f72a0ab0e86f77,eth,uniswap_v3,https://app.geckoterminal.com/api/p1/eth/pools/0xecf678bf1850ac206f42c9e959f72a0ab0e86f77/swaps?include=from_token%2Cto_token&page=1
swap,0xd9417844098469778b7b01e6da4b7d44b4ac940acc5b9c57c7019c220f01a3c3,0.0212789885704756,328985102.466243,0xecf678bf1850ac206f42c9e959f72a0ab0e86f77,eth,uniswap_v3,https://app.geckoterminal.com/api/p1/eth/pools/0xecf678bf1850ac206f42c9e959f72a0ab0e86f77/swaps?include=from_token%2Cto_token&page=1
swap,0xf8569f4a960b168cc1b6f5f74dd36d9ed3ccf82f7fd9eba5bb75e7b588387d49,0.0277437791504045,429024935.364363,0xecf678bf1850ac206f42c9e959f72a0ab0e86f77,eth,uniswap_v3,https://app.geckoterminal.com/api/p1/eth/pools/0xecf678bf1850ac206f42c9e959f72a0ab0e86f77/swaps?include=from_token%2Cto_token&page=1
swap,0x01c5559800cfdb629adc614787620053182b7367bee38930d014144d4a0d656a,1.04515479661252,16237094177.6246,0xecf678bf1850ac206f42c9e959f72a0ab0e86f77,eth,uniswap_v3,https://app.geckoterminal.com/api/p1/eth/pools/0xecf678bf1850ac206f42c9e959f72a0ab0e86f77/swaps?include=from_token%2Cto_token&page=1
swap,0x80de9aed12f07f8e5c70032b3a68f33e813973666066da992e18d5d6525b55f9,36898748078.1902,2.37446803918441,0xecf678bf1850ac206f42c9e959f72a0ab0e86f77,eth,uniswap_v3,https://app.geckoterminal.com/api/p1/eth/pools/0xecf678bf1850ac206f42c9e959f72a0ab0e86f77/swaps?include=from_token%2Cto_token&page=1
swap,0x1d519b2f842d930e6c849dbab6ea79aeaf578f6c97472b4dbf38dee73e7f9d7b,0.17222452663851,2635117551.69447,0xecf678bf1850ac206f42c9e959f72a0ab0e86f77,eth,uniswap_v3,https://app.geckoterminal.com/api/p1/eth/pools/0xecf678bf1850ac206f42c9e959f72a0ab0e86f77/swaps?include=from_token%2Cto_token&page=1
swap,0x9865be935bf6bb3857c3e97ae92c973db8edf427cb5768f77a7ba9626548d16e,2.0,30888214221.42,0xecf678bf1850ac206f42c9e959f72a0ab0e86f77,eth,uniswap_v3,https://app.geckoterminal.com/api/p1/eth/pools/0xecf678bf1850ac206f42c9e959f72a0ab0e86f77/swaps?include=from_token%2Cto_token&page=1
swap,0x54950572cfe8a2147a4681e12c480e87f4e594e232fb13f349ca792b61210b18,0.16646829195209,2595041673.31724,0xecf678bf1850ac206f42c9e959f72a0ab0e86f77,eth,uniswap_v3,https://app.geckoterminal.com/api/p1/eth/pools/0xecf678bf1850ac206f42c9e959f72a0ab0e86f77/swaps?include=from_token%2Cto_token&page=1
swap,0xaec8ccb0c1fbfac548a9ca2b759370596ec483bfb7e15d405bc053f7da37e2da,0.110978861301394,1732104548.62938,0xecf678bf1850ac206f42c9e959f72a0ab0e86f77,eth,uniswap_v3,https://app.geckoterminal.com/api/p1/eth/pools/0xecf678bf1850ac206f42c9e959f72a0ab0e86f77/swaps?include=from_token%2Cto_token&page=1
swap,0x6dfdbd1719e955891f7a380381a674e6771b7fb69941fc84908e350f14b9efd0,0.505493,7910580530.26112,0xecf678bf1850ac206f42c9e959f72a0ab0e86f77,eth,uniswap_v3,https://app.geckoterminal.com/api/p1/eth/pools/0xecf678bf1850ac206f42c9e959f72a0ab0e86f77/swaps?include=from_token%2Cto_token&page=1
swap,0xf0ce507402dbac8eecd6a6550da09a1a01d294f4bf1c6033c2aab14013280724,0.055578069548426,871870997.085385,0xecf678bf1850ac206f42c9e959f72a0ab0e86f77,eth,uniswap_v3,https://app.geckoterminal.com/api/p1/eth/pools/0xecf678bf1850ac206f42c9e959f72a0ab0e86f77/swaps?include=from_token%2Cto_token&page=1
swap,0xce678337db12ae71bc988ba28d9839ff52573c0dba001c6067112700cb02c655,9750.32934907,0.175422273776242,0x9e0905249ceefffb9605e034b534544684a58be6,eth,uniswap_v3,https://app.geckoterminal.com/api/p1/eth/pools/0x9e0905249ceefffb9605e034b534544684a58be6/swaps?include=from_token%2Cto_token&page=1
swap,0x19e437a79ba591c0bbc3cd818888f9ac127662ed420a75943eadf887c7e8a82c,0.555,30668.11448909,0x9e0905249ceefffb9605e034b534544684a58be6,eth,uniswap_v3,https://app.geckoterminal.com/api/p1/eth/pools/0x9e0905249ceefffb9605e034b534544684a58be6/swaps?include=from_token%2Cto_token&page=1
swap,0x477a283feb6e6679b3493a3c7ab505fc8ad52c66a1fb085bd6b135d23a3bffa3,0.04,2210.86765823,0x9e0905249ceefffb9605e034b534544684a58be6,eth,uniswap_v3,https://app.geckoterminal.com/api/p1/eth/pools/0x9e0905249ceefffb9605e034b534544684a58be6/swaps?include=from_token%2Cto_token&page=1
swap,0xd1f62e2256b3c705c419849cae146c76b726b1d249aa641e6a9c3324dca5d33b,1559.48129296,0.0280456534150418,0x9e0905249ceefffb9605e034b534544684a58be6,eth,uniswap_v3,https://app.geckoterminal.com/api/p1/eth/pools/0x9e0905249ceefffb9605e034b534544684a58be6/swaps?include=from_token%2Cto_token&page=1
swap,0x761b1a3a18595b5d725aa16d21ca263da4382ab1b1412a193dca12db6a528c4b,50000.0,0.899549980783278,0x9e0905249ceefffb9605e034b534544684a58be6,eth,uniswap_v3,https://app.geckoterminal.com/api/p1/eth/pools/0x9e0905249ceefffb9605e034b534544684a58be6/swaps?include=from_token%2Cto_token&page=1
swap,0xedead95e3718081eccf48dd598ba971b44a9df52600591ecc173211f64a968f9,2778.05468699,0.05,0x9e0905249ceefffb9605e034b534544684a58be6,eth,uniswap_v3,https://app.geckoterminal.com/api/p1/eth/pools/0x9e0905249ceefffb9605e034b534544684a58be6/swaps?include=from_token%2Cto_token&page=1
swap,0x0b766c10c8406b04b9113427e6af73ee7e609779265570601aa241fdf95db788,0.56996875,31485.24416429,0x9e0905249ceefffb9605e034b534544684a58be6,eth,uniswap_v3,https://app.geckoterminal.com/api/p1/eth/pools/0x9e0905249ceefffb9605e034b534544684a58be6/swaps?include=from_token%2Cto_token&page=1
swap,0x6ba8977cc4fb06e58927ced41c8de674bd694c8968003f718041e5819813b7ef,0.0285,1574.74471304,0x9e0905249ceefffb9605e034b534544684a58be6,eth,uniswap_v3,https://app.geckoterminal.com/api/p1/eth/pools/0x9e0905249ceefffb9605e034b534544684a58be6/swaps?include=from_token%2Cto_token&page=1
swap,0x6ce6a0490158628728b85fe4695354b33d0e23a0d4bdfd2b76fbef041c861942,0.000352434186662563,19.47370545,0x9e0905249ceefffb9605e034b534544684a58be6,eth,uniswap_v3,https://app.geckoterminal.com/api/p1/eth/pools/0x9e0905249ceefffb9605e034b534544684a58be6/swaps?include=from_token%2Cto_token&page=1
swap,0xdc439c581d9a8d72dce664d0620f995a67cb6fe526defba88f8197953000aa56,0.0633411354964072,3500.0,0x9e0905249ceefffb9605e034b534544684a58be6,eth,uniswap_v3,https://app.geckoterminal.com/api/p1/eth/pools/0x9e0905249ceefffb9605e034b534544684a58be6/swaps?include=from_token%2Cto_token&page=1
swap,0xfbe3945a6ba656f0b4b2d51558860a4fbdf9513fac3cfc2b4998c651bdd54f91,10000.0,0.179899311392864,0x9e0905249ceefffb9605e034b534544684a58be6,eth,uniswap_v3,https://app.geckoterminal.com/api/p1/eth/pools/0x9e0905249ceefffb9605e034b534544684a58be6/swaps?include=from_token%2Cto_token&page=1
swap,0x87cfe9c3afc584b76a164f63dddccca59ca5eb546df62cdeeced0e114a08ac9c,2.0,110591.87842214,0x9e0905249ceefffb9605e034b534544684a58be6,eth,uniswap_v3,https://app.geckoterminal.com/api/p1/eth/pools/0x9e0905249ceefffb9605e034b534544684a58be6/swaps?include=from_token%2Cto_token&page=1
swap,0x747609d615b35f83e1ee3a1fa32455768420a9fcc7338600b028e3cbe0bdcd1c,7.20580345592147,400000.0,0x9e0905249ceefffb9605e034b534544684a58be6,eth,uniswap_v3,https://app.geckoterminal.com/api/p1/eth/pools/0x9e0905249ceefffb9605e034b534544684a58be6/swaps?include=from_token%2Cto_token&page=1
swap,0x1a411b0c7d38df33251d8f66d40423fceadc42c299d15cb51a9261bcfd8ac9d7,211400.13282885,3.78001489588885,0x9e0905249ceefffb9605e034b534544684a58be6,eth,uniswap_v3,https://app.geckoterminal.com/api/p1/eth/pools/0x9e0905249ceefffb9605e034b534544684a58be6/swaps?include=from_token%2Cto_token&page=1
swap,0xb74798570b6056b7bfc1dd7152a94c2a32fe957c3fb47a58c28cb3f16c38fa24,0.01848964,1026.21750325,0x9e0905249ceefffb9605e034b534544684a58be6,eth,uniswap_v3,https://app.geckoterminal.com/api/p1/eth/pools/0x9e0905249ceefffb9605e034b534544684a58be6/swaps?include=from_token%2Cto_token&page=1
swap,0x6886fa8157b30ff9f4b9b17832a4a0a9bdb5f19bebb65df34e5fb6ecdee15df0,187911.22918119,3.37013230349163,0x9e0905249ceefffb9605e034b534544684a58be6,eth,uniswap_v3,https://app.geckoterminal.com/api/p1/eth/pools/0x9e0905249ceefffb9605e034b534544684a58be6/swaps?include=from_token%2Cto_token&page=1
swap,0x2f7813ae82fb78064c04d87db838ac0106572d3c0603145c0fa3b795ec49c207,64700.0,1.16259866077799,0x9e0905249ceefffb9605e034b534544684a58be6,eth,uniswap_v3,https://app.geckoterminal.com/api/p1/eth/pools/0x9e0905249ceefffb9605e034b534544684a58be6/swaps?include=from_token%2Cto_token&page=1
swap,0x96d0413c681f8a7d50878f7ab9c2d8e45b0c090676edb226bdf654332e88cdcd,0.0518686453836682,2867.91375485,0x9e0905249ceefffb9605e034b534544684a58be6,eth,uniswap_v3,https://app.geckoterminal.com/api/p1/eth/pools/0x9e0905249ceefffb9605e034b534544684a58be6/swaps?include=from_token%2Cto_token&page=1
swap,0xeef90d661589f7c7be86549b6cd132a8a29cc135f540ad799ddb3ab992b9c82f,0.614575,33990.52190066,0x9e0905249ceefffb9605e034b534544684a58be6,eth,uniswap_v3,https://app.geckoterminal.com/api/p1/eth/pools/0x9e0905249ceefffb9605e034b534544684a58be6/swaps?include=from_token%2Cto_token&page=1
swap,0xacb837cfdcd4feeffbb84266a28ab419c14aff7497f2c4ec6347fe4bd5d6d29d,8308.51171059,0.149295145027251,0x9e0905249ceefffb9605e034b534544684a58be6,eth,uniswap_v3,https://app.geckoterminal.com/api/p1/eth/pools/0x9e0905249ceefffb9605e034b534544684a58be6/swaps?include=from_token%2Cto_token&page=1
swap,0x4a28f3d261fa2019dfb8e27bfd716f4dc90e89118cb466eb286862af16c1882f,0.0125613590926718,40517.6713954665,0xf935f557e06a7d040dea4691f90c9a755301818b,eth,uniswap_v3,https://app.geckoterminal.com/api/p1/eth/pools/0xf935f557e06a7d040dea4691f90c9a755301818b/swaps?include=from_token%2Cto_token&page=1
swap,0x3edaad3fee44359e69e332737347633549c8cec64a113d17cc95d5325042d86e,0.0233444671859979,75300.5216617694,0xf935f557e06a7d040dea4691f90c9a755301818b,eth,uniswap_v3,https://app.geckoterminal.com/api/p1/eth/pools/0xf935f557e06a7d040dea4691f90c9a755301818b/swaps?include=from_token%2Cto_token&page=1
swap,0x1cca9e69bededfc4e61914d92477cbcf0f171cc62559679ead6af2ca05b17786,250000.952002944,0.0770419435262727,0xf935f557e06a7d040dea4691f90c9a755301818b,eth,uniswap_v3,https://app.geckoterminal.com/api/p1/eth/pools/0xf935f557e06a7d040dea4691f90c9a755301818b/swaps?include=from_token%2Cto_token&page=1
swap,0xbe04ff7700b9e439066be86e643421be5e9c39aab5d470c3b50a509eb04666fa,2.0,6456027.53336267,0xf935f557e06a7d040dea4691f90c9a755301818b,eth,uniswap_v3,https://app.geckoterminal.com/api/p1/eth/pools/0xf935f557e06a7d040dea4691f90c9a755301818b/swaps?include=from_token%2Cto_token&page=1
swap,0xc0be2824200fd2e9ae9d1ccaf579f76b40b63348f97f432a908aa97258b8b476,0.554999014876749,1793357.96511491,0xf935f557e06a7d040dea4691f90c9a755301818b,eth,uniswap_v3,https://app.geckoterminal.com/api/p1/eth/pools/0xf935f557e06a7d040dea4691f90c9a755301818b/swaps?include=from_token%2Cto_token&page=1
swap,0xe92a5e40e2125a1a7df8b4878ede01e224948c6e83537b47ef44b5febffea705,0.088,284425.199451878,0xf935f557e06a7d040dea4691f90c9a755301818b,eth,uniswap_v3,https://app.geckoterminal.com/api/p1/eth/pools/0xf935f557e06a7d040dea4691f90c9a755301818b/swaps?include=from_token%2Cto_token&page=1
swap,0xf553c11d62376bbee1a6aa9827de45b32d6abbad6b44d253541a882fea1c94ea,6270608.52650598,1.92988934304096,0xf935f557e06a7d040dea4691f90c9a755301818b,eth,uniswap_v3,https://app.geckoterminal.com/api/p1/eth/pools/0xf935f557e06a7d040dea4691f90c9a755301818b/swaps?include=from_token%2Cto_token&page=1
swap,0xce1a8c87e45c1006311045c4ff0db6020de16833fc207c73a0846a8e5b3408ae,7546964.30834708,2.32663903621951,0xf935f557e06a7d040dea4691f90c9a755301818b,eth,uniswap_v3,https://app.geckoterminal.com/api/p1/eth/pools/0xf935f557e06a7d040dea4691f90c9a755301818b/swaps?include=from_token%2Cto_token&page=1
swap,0xfdba6a8f0d38bdf20ce5dc78b1bd5e2b08f4d6ebdda30c6a3a65725841f87ce4,121693.828801615,0.0375519756876102,0xf935f557e06a7d040dea4691f90c9a755301818b,eth,uniswap_v3,https://app.geckoterminal.com/api/p1/eth/pools/0xf935f557e06a7d040dea4691f90c9a755301818b/swaps?include=from_token%2Cto_token&page=1
swap,0x12397be553bedfd48765dca48883a2b394a517e502fa5753e5978e6d91920e2f,355446.993544843,0.109689346488125,0xf935f557e06a7d040dea4691f90c9a755301818b,eth,uniswap_v3,https://app.geckoterminal.com/api/p1/eth/pools/0xf935f557e06a7d040dea4691f90c9a755301818b/swaps?include=from_token%2Cto_token&page=1
swap,0x5465ee6310213f8b3dd07c5a5bb07225446024a40a3d8c98fb175108a25995d4,2888766.78475752,0.891814649778126,0xf935f557e06a7d040dea4691f90c9a755301818b,eth,uniswap_v3,https://app.geckoterminal.com/api/p1/eth/pools/0xf935f557e06a7d040dea4691f90c9a755301818b/swaps?include=from_token%2Cto_token&page=1
swap,0x496038e49ce1d968e0c8fc15dc781ecf5d4e1a4f13bdcbc715ad1c13002cfa3a,0.01486875,47857.6743771664,0xf935f557e06a7d040dea4691f90c9a755301818b,eth,uniswap_v3,https://app.geckoterminal.com/api/p1/eth/pools/0xf935f557e06a7d040dea4691f90c9a755301818b/swaps?include=from_token%2Cto_token&page=1
swap,0x0e4a6e796cfe39e602cd702100a3531baa60deb62f1df95429904df0158f3473,200483.0,0.0619154235410894,0xf935f557e06a7d040dea4691f90c9a755301818b,eth,uniswap_v3,https://app.geckoterminal.com/api/p1/eth/pools/0xf935f557e06a7d040dea4691f90c9a755301818b/swaps?include=from_token%2Cto_token&page=1
swap,0x66289c49e1d217aeb85fa255b4371aa5c074fd942a934a69474949abb78f0966,0.103623384943052,333529.248812454,0xf935f557e06a7d040dea4691f90c9a755301818b,eth,uniswap_v3,https://app.geckoterminal.com/api/p1/eth/pools/0xf935f557e06a7d040dea4691f90c9a755301818b/swaps?include=from_token%2Cto_token&page=1
swap,0xc8168283c781116596b2c898012ec6947c448a6bfbec5bb382772b8d6362b28a,22277.0,0.00687945862289686,0xf935f557e06a7d040dea4691f90c9a755301818b,eth,uniswap_v3,https://app.geckoterminal.com/api/p1/eth/pools/0xf935f557e06a7d040dea4691f90c9a755301818b/swaps?include=from_token%2Cto_token&page=1
swap,0x23c028e66730c9be4939eb9c4f5d5de4cc1846caa3cffb0e467662417ad243f5,2120164.30237085,0.654909120947707,0xf935f557e06a7d040dea4691f90c9a755301818b,eth,uniswap_v3,https://app.geckoterminal.com/api/p1/eth/pools/0xf935f557e06a7d040dea4691f90c9a755301818b/swaps?include=from_token%2Cto_token&page=1
swap,0x5039177634b15380417c3eda0e16650680041bd759951467bc26dfe4f989aaa7,2486896.21664233,0.768624606584318,0xf935f557e06a7d040dea4691f90c9a755301818b,eth,uniswap_v3,https://app.geckoterminal.com/api/p1/eth/pools/0xf935f557e06a7d040dea4691f90c9a755301818b/swaps?include=from_token%2Cto_token&page=1
swap,0x2da7cddf45f649fd87a630a0b4454c1631f8c5a08110fa445c8a05e130e7020d,0.069744,224243.669865245,0xf935f557e06a7d040dea4691f90c9a755301818b,eth,uniswap_v3,https://app.geckoterminal.com/api/p1/eth/pools/0xf935f557e06a7d040dea4691f90c9a755301818b/swaps?include=from_token%2Cto_token&page=1
swap,0x77b3cb0e43b86d496f4814a0c9eef8e918b316a113755bdbf7ad6dd6c7ae850e,550000.0,0.170042297986572,0xf935f557e06a7d040dea4691f90c9a755301818b,eth,uniswap_v3,https://app.geckoterminal.com/api/p1/eth/pools/0xf935f557e06a7d040dea4691f90c9a755301818b/swaps?include=from_token%2Cto_token&page=1
swap,0xf2478dd04bceaf134be63bcbf661a8fbe3312e30b4106d8f9692e69646a33552,0.15,482262.809958776,0xf935f557e06a7d040dea4691f90c9a755301818b,eth,uniswap_v3,https://app.geckoterminal.com/api/p1/eth/pools/0xf935f557e06a7d040dea4691f90c9a755301818b/swaps?include=from_token%2Cto_token&page=1
swap,0x89b33eb92de4564a6458512d7f0ae6c097c15e835e77064d134be9546ac2c779,4.83646115878411,12901758.0,0x7baece5d47f1bc5e1953fbe0e9931d54dab6d810,eth,uniswap_v3,https://app.geckoterminal.com/api/p1/eth/pools/0x7baece5d47f1bc5e1953fbe0e9931d54dab6d810/swaps?include=from_token%2Cto_token&page=1
swap,0x107413ac40180ac66d0f72e26f8c1098f6d00675eb9733f62f67f3c4f6f1240a,4900000.0,1.79809698603584,0x7baece5d47f1bc5e1953fbe0e9931d54dab6d810,eth,uniswap_v3,https://app.geckoterminal.com/api/p1/eth/pools/0x7baece5d47f1bc5e1953fbe0e9931d54dab6d810/swaps?include=from_token%2Cto_token&page=1
swap,0x6c0b867a6e3ec8d4dd458f27c893962b9235e0d145dc44daf34bc416ca55c3d1,1.85141917630559,4944977.47274865,0x7baece5d47f1bc5e1953fbe0e9931d54dab6d810,eth,uniswap_v3,https://app.geckoterminal.com/api/p1/eth/pools/0x7baece5d47f1bc5e1953fbe0e9931d54dab6d810/swaps?include=from_token%2Cto_token&page=1
swap,0x84423f6c47a5f5582be6ed27ee28c0d038a8671db9cde005a53d657589eb5288,0.15,400962.57166558,0x7baece5d47f1bc5e1953fbe0e9931d54dab6d810,eth,uniswap_v3,https://app.geckoterminal.com/api/p1/eth/pools/0x7baece5d47f1bc5e1953fbe0e9931d54dab6d810/swaps?include=from_token%2Cto_token&page=1
swap,0x21234759c1af1b9e71bbe31abfd87c5fe6d4dfe428ecb5d2355ac1607fb1af45,1.52494128928412,4079071.63953754,0x7baece5d47f1bc5e1953fbe0e9931d54dab6d810,eth,uniswap_v3,https://app.geckoterminal.com/api/p1/eth/pools/0x7baece5d47f1bc5e1953fbe0e9931d54dab6d810/swaps?include=from_token%2Cto_token&page=1
swap,0x5b0f19aa6bea02339c032e7b51a73c765c564d4b535fc8253003169ed42ad25a,205824.843166347,0.0753709950666731,0x7baece5d47f1bc5e1953fbe0e9931d54dab6d810,eth,uniswap_v3,https://app.geckoterminal.com/api/p1/eth/pools/0x7baece5d47f1bc5e1953fbe0e9931d54dab6d810/swaps?include=from_token%2Cto_token&page=1
swap,0x0fed6d1cc6a9b85a2e20ba35c3bd2ea20b92bdcc887d2b10abee073e6fe9040d,0.216520096807638,579544.694110331,0x7baece5d47f1bc5e1953fbe0e9931d54dab6d810,eth,uniswap_v3,https://app.geckoterminal.com/api/p1/eth/pools/0x7baece5d47f1bc5e1953fbe0e9931d54dab6d810/swaps?include=from_token%2Cto_token&page=1
swap,0x8a55413f6ac9cd1c9b653f2fe17c4431236bb2110401535bb8d2d78a01a46c49,3.32801548630005,8920728.64583084,0x7baece5d47f1bc5e1953fbe0e9931d54dab6d810,eth,uniswap_v3,https://app.geckoterminal.com/api/p1/eth/pools/0x7baece5d47f1bc5e1953fbe0e9931d54dab6d810/swaps?include=from_token%2Cto_token&page=1
swap,0xb1edc8e09cdf451270f1115ee84ef502dfbd60fc821469b708dbb12bd77b7c8d,5.54762913413994,14924247.862233,0x7baece5d47f1bc5e1953fbe0e9931d54dab6d810,eth,uniswap_v3,https://app.geckoterminal.com/api/p1/eth/pools/0x7baece5d47f1bc5e1953fbe0e9931d54dab6d810/swaps?include=from_token%2Cto_token&page=1
swap,0xed40b42b0c2cf76b7aadbff38844d0f4d73546a51e2d2a2025e2dfc52827b954,0.3,808986.843105469,0x7baece5d47f1bc5e1953fbe0e9931d54dab6d810,eth,uniswap_v3,https://app.geckoterminal.com/api/p1/eth/pools/0x7baece5d47f1bc5e1953fbe0e9931d54dab6d810/swaps?include=from_token%2Cto_token&page=1
swap,0x3ec19e359444752c95a1a88c0ae9f10f942f6d15c6f4b12ae07d96bbf2439a3a,2.7402934786298,7399015.68139559,0x7baece5d47f1bc5e1953fbe0e9931d54dab6d810,eth,uniswap_v3,https://app.geckoterminal.com/api/p1/eth/pools/0x7baece5d47f1bc5e1953fbe0e9931d54dab6d810/swaps?include=from_token%2Cto_token&page=1
swap,0x777e92f045d1e1d0ad9c364f809334945a00158f4025a8a800321e8c3e62ca68,21151957.857638,7.69389496655318,0x7baece5d47f1bc5e1953fbe0e9931d54dab6d810,eth,uniswap_v3,https://app.geckoterminal.com/api/p1/eth/pools/0x7baece5d47f1bc5e1953fbe0e9931d54dab6d810/swaps?include=from_token%2Cto_token&page=1
swap,0xf7a61761b2b184c3ecde8b35609cfb6f8d1c410e90d62550bc0d68ca79bd1e09,0.965161856602918,2593359.0,0x7baece5d47f1bc5e1953fbe0e9931d54dab6d810,eth,uniswap_v3,https://app.geckoterminal.com/api/p1/eth/pools/0x7baece5d47f1bc5e1953fbe0e9931d54dab6d810/swaps?include=from_token%2Cto_token&page=1
swap,0x31c04d8200121998ce70581752a251df6b2ff5c9510612932148c2efdd0df0bc,0.236618099362527,636096.586763707,0x7baece5d47f1bc5e1953fbe0e9931d54dab6d810,eth,uniswap_v3,https://app.geckoterminal.com/api/p1/eth/pools/0x7baece5d47f1bc5e1953fbe0e9931d54dab6d810/swaps?include=from_token%2Cto_token&page=1
swap,0xaa7d88128d2f23a94800f4acafa9937ab4890a565c57a5d6fdd10197233834d0,1747155.45187816,0.637087120830771,0x7baece5d47f1bc5e1953fbe0e9931d54dab6d810,eth,uniswap_v3,https://app.geckoterminal.com/api/p1/eth/pools/0x7baece5d47f1bc5e1953fbe0e9931d54dab6d810/swaps?include=from_token%2Cto_token&page=1
swap,0xf3013e576fd291805d966b12ffe6dfffbc2425c43ee2334642403f50580b2cc3,1032254.40473924,0.376560854153317,0x7baece5d47f1bc5e1953fbe0e9931d54dab6d810,eth,uniswap_v3,https://app.geckoterminal.com/api/p1/eth/pools/0x7baece5d47f1bc5e1953fbe0e9931d54dab6d810/swaps?include=from_token%2Cto_token&page=1
swap,0xafb0eb2f1065031d2dc7bc983c586ceffb6206c0df188fd92393a953f401ad65,2.2413376462007,6026409.0,0x7baece5d47f1bc5e1953fbe0e9931d54dab6d810,eth,uniswap_v3,https://app.geckoterminal.com/api/p1/eth/pools/0x7baece5d47f1bc5e1953fbe0e9931d54dab6d810/swaps?include=from_token%2Cto_token&page=1
swap,0x58c8b2b9d593f51ef8060758afe1702abf958245676be650194db393044e20c2,0.25,672871.648252157,0x7baece5d47f1bc5e1953fbe0e9931d54dab6d810,eth,uniswap_v3,https://app.geckoterminal.com/api/p1/eth/pools/0x7baece5d47f1bc5e1953fbe0e9931d54dab6d810/swaps?include=from_token%2Cto_token&page=1
swap,0xcb40a6a25c0a11ff75d303201d5ad853e34d8af041960bd6eb5bdf46fd2e6424,19975063.3962246,7.29499244261832,0x7baece5d47f1bc5e1953fbe0e9931d54dab6d810,eth,uniswap_v3,https://app.geckoterminal.com/api/p1/eth/pools/0x7baece5d47f1bc5e1953fbe0e9931d54dab6d810/swaps?include=from_token%2Cto_token&page=1
swap,0xae9c833d841339e718e0e34cde545c889577801098a65141ec54f10334ab4ab7,1.93590800039265,5183911.0,0x7baece5d47f1bc5e1953fbe0e9931d54dab6d810,eth,uniswap_v3,https://app.geckoterminal.com/api/p1/eth/pools/0x7baece5d47f1bc5e1953fbe0e9931d54dab6d810/swaps?include=from_token%2Cto_token&page=1
swap,0x98578eb8afc418410a5c0dbb98f77a04af9e6e7a5d867cc93d8d9685378e0221,0.35,36032875.6199465,0xfd1d43f8524aa4e7fe52dd3ec64454fcb0abf81d,eth,uniswap_v3,https://app.geckoterminal.com/api/p1/eth/pools/0xfd1d43f8524aa4e7fe52dd3ec64454fcb0abf81d/swaps?include=from_token%2Cto_token&page=1
swap,0xdbe7f262e77848d22ffe1f82bd78fda3c994ccdf001f39ec72d657fe86283d12,53715626.2882962,0.52,0xfd1d43f8524aa4e7fe52dd3ec64454fcb0abf81d,eth,uniswap_v3,https://app.geckoterminal.com/api/p1/eth/pools/0xfd1d43f8524aa4e7fe52dd3ec64454fcb0abf81d/swaps?include=from_token%2Cto_token&page=1
swap,0x54f400c31d4bd0f35c2112b4df469352b77d97f0a580af927298c9bd463b9ae9,0.16,16337618.8253517,0xfd1d43f8524aa4e7fe52dd3ec64454fcb0abf81d,eth,uniswap_v3,https://app.geckoterminal.com/api/p1/eth/pools/0xfd1d43f8524aa4e7fe52dd3ec64454fcb0abf81d/swaps?include=from_token%2Cto_token&page=1
swap,0x5255f0c7591413cbf3f705a887a841fe2db87234d81dd2dbebde068ca8464094,99029144.8395382,0.976115976801491,0xfd1d43f8524aa4e7fe52dd3ec64454fcb0abf81d,eth,uniswap_v3,https://app.geckoterminal.com/api/p1/eth/pools/0xfd1d43f8524aa4e7fe52dd3ec64454fcb0abf81d/swaps?include=from_token%2Cto_token&page=1
swap,0xeb648a88ad716163d5c12d2b8337499b18c00cfbcaeabd88a8e6a21647b8d3e8,0.6,60156383.6767337,0xfd1d43f8524aa4e7fe52dd3ec64454fcb0abf81d,eth,uniswap_v3,https://app.geckoterminal.com/api/p1/eth/pools/0xfd1d43f8524aa4e7fe52dd3ec64454fcb0abf81d/swaps?include=from_token%2Cto_token&page=1
swap,0x2d9455acdd8e34f49c2d04dce5c0eac20bb14424a431757985bffde59850aa68,0.9643338,99029154.7424537,0xfd1d43f8524aa4e7fe52dd3ec64454fcb0abf81d,eth,uniswap_v3,https://app.geckoterminal.com/api/p1/eth/pools/0xfd1d43f8524aa4e7fe52dd3ec64454fcb0abf81d/swaps?include=from_token%2Cto_token&page=1
swap,0xf4fd4cb0af6257ae90db743539c8aa195a2ebd38849ffad4869e4a2035167053,0.07,7303800.80016572,0xfd1d43f8524aa4e7fe52dd3ec64454fcb0abf81d,eth,uniswap_v3,https://app.geckoterminal.com/api/p1/eth/pools/0xfd1d43f8524aa4e7fe52dd3ec64454fcb0abf81d/swaps?include=from_token%2Cto_token&page=1
swap,0x20d5dbf7dbfa6409f4cee43adb1e37b40528d17ded2b91abf53ee25eb9a7da19,0.7,73920284.2258391,0xfd1d43f8524aa4e7fe52dd3ec64454fcb0abf81d,eth,uniswap_v3,https://app.geckoterminal.com/api/p1/eth/pools/0xfd1d43f8524aa4e7fe52dd3ec64454fcb0abf81d/swaps?include=from_token%2Cto_token&page=1
swap,0xe1ea0f724704582e5ae4b6c55c58f224b2b623b695760687a23a5b7ec61f9086,0.02,2135871.35450763,0xfd1d43f8524aa4e7fe52dd3ec64454fcb0abf81d,eth,uniswap_v3,https://app.geckoterminal.com/api/p1/eth/pools/0xfd1d43f8524aa4e7fe52dd3ec64454fcb0abf81d/swaps?include=from_token%2Cto_token&page=1
swap,0xc35de630b0a3638ce9a79dd1e4c4dcab43fa8d45f8aa81d352038cb2975976f6,0.110977151602252,11876048.3492837,0xfd1d43f8524aa4e7fe52dd3ec64454fcb0abf81d,eth,uniswap_v3,https://app.geckoterminal.com/api/p1/eth/pools/0xfd1d43f8524aa4e7fe52dd3ec64454fcb0abf81d/swaps?include=from_token%2Cto_token&page=1
swap,0x1987809f69c94f54242dc750de7ecb7259dc324e7ae1beae2eb6c6ced84d4579,64101322.2571052,0.6,0xfd1d43f8524aa4e7fe52dd3ec64454fcb0abf81d,eth,uniswap_v3,https://app.geckoterminal.com/api/p1/eth/pools/0xfd1d43f8524aa4e7fe52dd3ec64454fcb0abf81d/swaps?include=from_token%2Cto_token&page=1
swap,0x6f3b3e0bcdbb4eca7767f8f4386559e6a3a7fbafc27c0db499648d4c6619d821,13714065.8669776,0.12984335663716,0xfd1d43f8524aa4e7fe52dd3ec64454fcb0abf81d,eth,uniswap_v3,https://app.geckoterminal.com/api/p1/eth/pools/0xfd1d43f8524aa4e7fe52dd3ec64454fcb0abf81d/swaps?include=from_token%2Cto_token&page=1
swap,0xaf39a1352a1f8a35e7057e58642842fa138b63510db24884f6273a2ad3eba6e0,1.45,155426002.678494,0xfd1d43f8524aa4e7fe52dd3ec64454fcb0abf81d,eth,uniswap_v3,https://app.geckoterminal.com/api/p1/eth/pools/0xfd1d43f8524aa4e7fe52dd3ec64454fcb0abf81d/swaps?include=from_token%2Cto_token&page=1
swap,0x2a5d9f71fa6a2168a19ef65399cbc2d3797650e01611414001ec43eea1b96059,0.068,7465057.58619492,0xfd1d43f8524aa4e7fe52dd3ec64454fcb0abf81d,eth,uniswap_v3,https://app.geckoterminal.com/api/p1/eth/pools/0xfd1d43f8524aa4e7fe52dd3ec64454fcb0abf81d/swaps?include=from_token%2Cto_token&page=1
swap,0xa5c0f85d7d00dda2f1f22a2a57c21794b81b294688c9dc3cc3e67bf7785b23a1,98339753.1666422,0.902270079456871,0xfd1d43f8524aa4e7fe52dd3ec64454fcb0abf81d,eth,uniswap_v3,https://app.geckoterminal.com/api/p1/eth/pools/0xfd1d43f8524aa4e7fe52dd3ec64454fcb0abf81d/swaps?include=from_token%2Cto_token&page=1
swap,0xdf68e6a9a48881ec8bb40532778a6385e722e5d00fd3a27cb110affa785f2f6b,1.4,152878462.372004,0xfd1d43f8524aa4e7fe52dd3ec64454fcb0abf81d,eth,uniswap_v3,https://app.geckoterminal.com/api/p1/eth/pools/0xfd1d43f8524aa4e7fe52dd3ec64454fcb0abf81d/swaps?include=from_token%2Cto_token&page=1
swap,0xbbb119f8c9398bdbb860629eee27b3848845b5c2bcc7b6d7ba13c4992ce60a18,0.8685013,98339763.0006185,0xfd1d43f8524aa4e7fe52dd3ec64454fcb0abf81d,eth,uniswap_v3,https://app.geckoterminal.com/api/p1/eth/pools/0xfd1d43f8524aa4e7fe52dd3ec64454fcb0abf81d/swaps?include=from_token%2Cto_token&page=1
swap,0x66c041cbb3b6ac5aa581671d2613d73bb53a3e388bb636d4dc0f01bf0b3a47d0,0.0554916179542678,6377819.01861901,0xfd1d43f8524aa4e7fe52dd3ec64454fcb0abf81d,eth,uniswap_v3,https://app.geckoterminal.com/api/p1/eth/pools/0xfd1d43f8524aa4e7fe52dd3ec64454fcb0abf81d/swaps?include=from_token%2Cto_token&page=1
swap,0x3ce70dc4507330fcd3d2d4a891cb9899db8d96082ee41b54276c78e7178a1e21,30340329.951237,0.263291732389364,0xfd1d43f8524aa4e7fe52dd3ec64454fcb0abf81d,eth,uniswap_v3,https://app.geckoterminal.com/api/p1/eth/pools/0xfd1d43f8524aa4e7fe52dd3ec64454fcb0abf81d/swaps?include=from_token%2Cto_token&page=1
swap,0xfa3b8ae791ab1a79318b96c8202c08bcab400bfa4c1ad9224e2530dba72499d5,0.03,3423278.82446129,0xfd1d43f8524aa4e7fe52dd3ec64454fcb0abf81d,eth,uniswap_v3,https://app.geckoterminal.com/api/p1/eth/pools/0xfd1d43f8524aa4e7fe52dd3ec64454fcb0abf81d/swaps?include=from_token%2Cto_token&page=1
swap,0xc1e54f969205d842f8de55586bdeec2402dc574ba584417424d0b6ca169ca85e,0.0560637939820504,1156043977.42093,0x18052adacd380cb006e0344b6c1d3a6107819d93,eth,uniswap_v3,https://app.geckoterminal.com/api/p1/eth/pools/0x18052adacd380cb006e0344b6c1d3a6107819d93/swaps?include=from_token%2Cto_token&page=1
swap,0x9f66fc1cd2ed7838b5f241b99c577ca8a5e425198167621b00c0cc48684b1c53,0.25,5180729159.18706,0x18052adacd380cb006e0344b6c1d3a6107819d93,eth,uniswap_v3,https://app.geckoterminal.com/api/p1/eth/pools/0x18052adacd380cb006e0344b6c1d3a6107819d93/swaps?include=from_token%2Cto_token&page=1
swap,0xcbcbdc8602f71ef09c73458390c4d1210d390c167b3bfab7a715eb30bffbc8a6,0.03,624523330.689824,0x18052adacd380cb006e0344b6c1d3a6107819d93,eth,uniswap_v3,https://app.geckoterminal.com/api/p1/eth/pools/0x18052adacd380cb006e0344b6c1d3a6107819d93/swaps?include=from_token%2Cto_token&page=1
swap,0x1865da258b666714ca042970887256581e250d7253c0c299674420b98eca5c70,0.0533039178162207,1111158573.13465,0x18052adacd380cb006e0344b6c1d3a6107819d93,eth,uniswap_v3,https://app.geckoterminal.com/api/p1/eth/pools/0x18052adacd380cb006e0344b6c1d3a6107819d93/swaps?include=from_token%2Cto_token&page=1
swap,0xb01d1481216a4ea4ed534851bcc3ecda4c2461aad6d561fdd523fad326fd4c7e,0.5,10517665723.6803,0x18052adacd380cb006e0344b6c1d3a6107819d93,eth,uniswap_v3,https://app.geckoterminal.com/api/p1/eth/pools/0x18052adacd380cb006e0344b6c1d3a6107819d93/swaps?include=from_token%2Cto_token&page=1
swap,0x16a07f959461ea0df0baae0c63afdd69c52f6e90d31116dd4bc1437dfad58ad3,0.18,3828811890.52255,0x18052adacd380cb006e0344b6c1d3a6107819d93,eth,uniswap_v3,https://app.geckoterminal.com/api/p1/eth/pools/0x18052adacd380cb006e0344b6c1d3a6107819d93/swaps?include=from_token%2Cto_token&page=1
swap,0x0ae5223f2c2f24cb02f3b7273dfdd003ade17a5d0f1902990a4d66c6dee94392,0.07,1495127104.09474,0x18052adacd380cb006e0344b6c1d3a6107819d93,eth,uniswap_v3,https://app.geckoterminal.com/api/p1/eth/pools/0x18052adacd380cb006e0344b6c1d3a6107819d93/swaps?include=from_token%2Cto_token&page=1
swap,0xa9541ec437ae831cdcb41164430d3114037dfa71b6800058b53f529b85166fe6,0.0751652426430375,1609303165.78016,0x18052adacd380cb006e0344b6c1d3a6107819d93,eth,uniswap_v3,https://app.geckoterminal.com/api/p1/eth/pools/0x18052adacd380cb006e0344b6c1d3a6107819d93/swaps?include=from_token%2Cto_token&page=1
swap,0xf40ba33d27b8e9056f2f08fa00ccaf5afbb1fa41208df7942857c49e63600d18,37603184596.555,1.77003752573287,0x18052adacd380cb006e0344b6c1d3a6107819d93,eth,uniswap_v3,https://app.geckoterminal.com/api/p1/eth/pools/0x18052adacd380cb006e0344b6c1d3a6107819d93/swaps?include=from_token%2Cto_token&page=1
swap,0xc50c34850b6a648563337e2bf3c28e410c12330ecaa94c6cf8ffff6621c342ee,13783631191.8336,0.675,0x18052adacd380cb006e0344b6c1d3a6107819d93,eth,uniswap_v3,https://app.geckoterminal.com/api/p1/eth/pools/0x18052adacd380cb006e0344b6c1d3a6107819d93/swaps?include=from_token%2Cto_token&page=1
swap,0x303bcff78ffd6e66d350ad50f20baa22fbca8bdfeb4a346b4787deeae76bebc5,2018695316.9133,0.100049260295322,0x18052adacd380cb006e0344b6c1d3a6107819d93,eth,uniswap_v3,https://app.geckoterminal.com/api/p1/eth/pools/0x18052adacd380cb006e0344b6c1d3a6107819d93/swaps?include=from_token%2Cto_token&page=1
swap,0x8ed9afc5a6a01cae2333cf421b19e13f29c21e147eeab67c59976c6a6f74feb2,2581247447.31142,0.128379811138001,0x18052adacd380cb006e0344b6c1d3a6107819d93,eth,uniswap_v3,https://app.geckoterminal.com/api/p1/eth/pools/0x18052adacd380cb006e0344b6c1d3a6107819d93/swaps?include=from_token%2Cto_token&page=1
swap,0xbd28ff823b8f38c4d2cb66c0276f4f46d44d3059591f7c803357af1411f156b1,0.07,1378184220.34673,0x18052adacd380cb006e0344b6c1d3a6107819d93,eth,uniswap_v3,https://app.geckoterminal.com/api/p1/eth/pools/0x18052adacd380cb006e0344b6c1d3a6107819d93/swaps?include=from_token%2Cto_token&page=1
swap,0x2704b66f342ecc6d97aefb60ada580fe631a07ac476f478640e91a28b7c56841,6000000000.0,0.299739796430483,0x18052adacd380cb006e0344b6c1d3a6107819d93,eth,uniswap_v3,https://app.geckoterminal.com/api/p1/eth/pools/0x18052adacd380cb006e0344b6c1d3a6107819d93/swaps?include=from_token%2Cto_token&page=1
swap,0x9e48ad8510fa6cea3497141bb57cc03b93d5059bebfa2e7010f397328842f14a,10731921229.0607,0.543134077686012,0x18052adacd380cb006e0344b6c1d3a6107819d93,eth,uniswap_v3,https://app.geckoterminal.com/api/p1/eth/pools/0x18052adacd380cb006e0344b6c1d3a6107819d93/swaps?include=from_token%2Cto_token&page=1
swap,0xb6edd33efcf8da548911ddfcdaf7ef2f385548251c48490367f18157a350e757,0.130844529998126,2517340974.19812,0x18052adacd380cb006e0344b6c1d3a6107819d93,eth,uniswap_v3,https://app.geckoterminal.com/api/p1/eth/pools/0x18052adacd380cb006e0344b6c1d3a6107819d93/swaps?include=from_token%2Cto_token&page=1
swap,0x72e59ddc948ee93cbe96cde93db2a1811a6dc5dd90bf5912f76caafba7b2c18a,0.179548903881761,3470579766.77979,0x18052adacd380cb006e0344b6c1d3a6107819d93,eth,uniswap_v3,https://app.geckoterminal.com/api/p1/eth/pools/0x18052adacd380cb006e0344b6c1d3a6107819d93/swaps?include=from_token%2Cto_token&page=1
